[{"model": "auth.user", "pk": 1, "fields": {"password": "pbkdf2_sha256$1200000$Fywc7HScZcJEHvrsLdUl2l$8UcibZM0SZHIRAtr5IkEWcYAbzd8e2i9dckCeTti/u0=", "last_login": "2026-03-18T10:37:11.977Z", "is_superuser": true, "username": "VCT", "first_name": "", "last_name": "", "email": "tuongvck24411@st.uel.edu.vn", "is_staff": true, "is_active": true, "date_joined": "2026-03-18T06:14:17.890Z", "groups": [], "user_permissions": []}}, {"model": "auth.user", "pk": 2, "fields": {"password": "pbkdf2_sha256$1200000$LS3KDv7Eja5ceZIc7hs0Df$2HjlIvpeS02grYQFWZSD3I92Jc2IOtDwbVI7hxwvOQs=", "last_login": null, "is_superuser": false, "username": "thienphan370@gmail.com", "first_name": "Phan Phước Quốc Thiện", "last_name": "", "email": "thienphan370@gmail.com", "is_staff": false, "is_active": true, "date_joined": "2026-03-18T09:13:55.253Z", "groups": [], "user_permissions": []}}, {"model": "core.category", "pk": 4, "fields": {"name": "Jacket", "icon": null}}, {"model": "core.category", "pk": 5, "fields": {"name": "T-Shirts, Sweatshirts, and Cardigans", "icon": null}}, {"model": "core.category", "pk": 6, "fields": {"name": "Pants", "icon": null}}, {"model": "core.category", "pk": 7, "fields": {"name": "Accessories", "icon": null}}, {"model": "core.store", "pk": 1, "fields": {"name": "Uniqlo", "icon": "media/store_icons/2026/03/images_xlfalm", "description": ""}}, {"model": "core.store", "pk": 2, "fields": {"name": "ICONDENIM", "icon": "media/store_icons/2026/03/xanh_xj1to2", "description": ""}}, {"model": "core.store", "pk": 3, "fields": {"name": "Nike", "icon": "media/store_icons/2026/03/nike_ejgqc9", "description": ""}}, {"model": "core.store", "pk": 4, "fields": {"name": "Adidas", "icon": "media/store_icons/2026/03/add_h5l8oe", "description": ""}}, {"model": "core.store", "pk": 5, "fields": {"name": "PUMA", "icon": "media/store_icons/2026/03/pm_j6veg7", "description": ""}}, {"model": "core.store", "pk": 6, "fields": {"name": "COOLMATE", "icon": "media/store_icons/2026/03/cm_v0fp6t", "description": ""}}, {"model": "core.store", "pk": 7, "fields": {"name": "Biti's", "icon": "media/store_icons/2026/03/bt_b447rq", "description": ""}}, {"model": "core.store", "pk": 8, "fields": {"name": "GUCCI®", "icon": "media/store_icons/2026/03/gc_h37vfj", "description": ""}}, {"model": "core.store", "pk": 9, "fields": {"name": "PRADA", "icon": "media/store_icons/2026/03/pr_iixrou", "description": ""}}, {"model": "core.product", "pk": 1, "fields": {"store": 1, "category": 4, "name": "AIRism Vải lưới Hoodie chống tia cực tím", "price": "900000.00", "old_price": null, "is_hot": false, "image": "media/product_images/2026/03/ALRM_ksbt9j"}}, {"model": "core.product", "pk": 2, "fields": {"store": 1, "category": 6, "name": "Quần Versatile", "price": "800000.00", "old_price": null, "is_hot": false, "image": "media/product_images/2026/03/2_mnsnzy"}}, {"model": "core.product", "pk": 3, "fields": {"store": 1, "category": 5, "name": "Áo Cardigan chống tia cực tím cổ tròn | Kẻ sọc", "price": "800000.00", "old_price": "1000000.00", "is_hot": true, "image": "media/product_images/2026/03/3_j3cewb"}}, {"model": "core.product", "pk": 4, "fields": {"store": 1, "category": 7, "name": "Mũ chống tia cực tím Jean-Michel Basquiat", "price": "400000.00", "old_price": null, "is_hot": false, "image": "media/product_images/2026/03/4_tcuibd"}}, {"model": "core.product", "pk": 5, "fields": {"store": 1, "category": 4, "name": "Dây kéo Hoodie chống tia cực tím DRY-EX", "price": "1000000.00", "old_price": null, "is_hot": false, "image": "media/product_images/2026/03/5_n12qmj"}}, {"model": "core.product", "pk": 6, "fields": {"store": 9, "category": 4, "name": "Áo mưa Re-Nylon", "price": "55000000.00", "old_price": null, "is_hot": false, "image": "media/product_images/2026/03/6_dau07p"}}, {"model": "core.product", "pk": 7, "fields": {"store": 9, "category": 7, "name": "Ba lô Re-Nylon", "price": "60000000.00", "old_price": null, "is_hot": false, "image": "media/product_images/2026/03/7_s5fro5"}}, {"model": "core.product", "pk": 8, "fields": {"store": 9, "category": 4, "name": "Áo khoác denim", "price": "65000000.00", "old_price": null, "is_hot": false, "image": "media/product_images/2026/03/11_pfssis"}}, {"model": "core.product", "pk": 9, "fields": {"store": 9, "category": 5, "name": "Áo polo lông cừu cotton dài tay", "price": "50000000.00", "old_price": null, "is_hot": false, "image": "media/product_images/2026/03/1_zxnedo"}}, {"model": "core.product", "pk": 10, "fields": {"store": 9, "category": 5, "name": "Áo ngực georgette ca rô", "price": "20000000.00", "old_price": "23000000.00", "is_hot": true, "image": "media/product_images/2026/03/2_QrXyHFH_vl2hiy"}}, {"model": "core.product", "pk": 11, "fields": {"store": 9, "category": 6, "name": "Quần mohair trẻ em", "price": "80000000.00", "old_price": null, "is_hot": false, "image": "media/product_images/2026/03/3_7GM57I1_dbjmkr"}}, {"model": "core.product", "pk": 12, "fields": {"store": 9, "category": 6, "name": "Quần jean vải nhung", "price": "70000000.00", "old_price": null, "is_hot": false, "image": "media/product_images/2026/03/4_ogWi2xy_a03yhs"}}, {"model": "core.product", "pk": 13, "fields": {"store": 9, "category": 7, "name": "Logo Nhẫn trang sức", "price": "30000000.00", "old_price": null, "is_hot": false, "image": "media/product_images/2026/03/5_di2FAMh_ynnzmb"}}, {"model": "core.product", "pk": 14, "fields": {"store": 9, "category": 7, "name": "Giày lười da chải", "price": "35000000.00", "old_price": null, "is_hot": false, "image": "media/product_images/2026/03/6_VLZdwqs_hm405s"}}, {"model": "core.product", "pk": 15, "fields": {"store": 1, "category": 6, "name": "Quần Nỉ Ống Cong", "price": "800000.00", "old_price": null, "is_hot": false, "image": "media/product_images/2026/03/8_upkso7"}}, {"model": "core.product", "pk": 16, "fields": {"store": 2, "category": 4, "name": "Áo Khoác Jean Nam ICONDENIM Form Regular", "price": "500000.00", "old_price": "650000.00", "is_hot": false, "image": "media/product_images/2026/03/jean_q0wnxy"}}, {"model": "core.product", "pk": 17, "fields": {"store": 2, "category": 4, "name": "Áo Khoác Bomber Nam ICONDENIM", "price": "550000.00", "old_price": null, "is_hot": false, "image": "media/product_images/2026/03/bomber_a070pr"}}, {"model": "core.product", "pk": 18, "fields": {"store": 2, "category": 5, "name": "Áo Thun Nam ICONDENIM Cổ Tròn Basic", "price": "250000.00", "old_price": null, "is_hot": false, "image": "media/product_images/2026/03/thun_d2qrhx"}}, {"model": "core.product", "pk": 19, "fields": {"store": 2, "category": 5, "name": "Áo Polo Nam ICONDENIM Phối Viền", "price": "350000.00", "old_price": null, "is_hot": false, "image": "media/product_images/2026/03/polo_zernha"}}, {"model": "core.product", "pk": 20, "fields": {"store": 2, "category": 5, "name": "Áo Nỉ Sweatshirt Nam ICONDENIM", "price": "450000.00", "old_price": null, "is_hot": false, "image": "media/product_images/2026/03/1_jp17gm"}}, {"model": "core.product", "pk": 21, "fields": {"store": 2, "category": 6, "name": "Quần Jean Nam ICONDENIM Dáng Slimfit", "price": "590000.00", "old_price": null, "is_hot": false, "image": "media/product_images/2026/03/2_vzbpl5"}}, {"model": "core.product", "pk": 22, "fields": {"store": 2, "category": 6, "name": "Quần Tây Nam ICONDENIM Kẻ Sọc", "price": "490000.00", "old_price": null, "is_hot": false, "image": "media/product_images/2026/03/3_ecrqt8"}}, {"model": "core.product", "pk": 23, "fields": {"store": 2, "category": 6, "name": "Quần Short Khaki Nam ICONDENIM", "price": "350000.00", "old_price": null, "is_hot": false, "image": "media/product_images/2026/03/4_bjvki0"}}, {"model": "core.product", "pk": 24, "fields": {"store": 2, "category": 7, "name": "Thắt Lưng Nam Da Bò ICONDENIM", "price": "290000.00", "old_price": null, "is_hot": false, "image": "media/product_images/2026/03/5_h4wben"}}, {"model": "core.product", "pk": 25, "fields": {"store": 2, "category": 7, "name": "Ví Da Nam Cầm Tay ICONDENIM", "price": "320000.00", "old_price": null, "is_hot": false, "image": "media/product_images/2026/03/10_rbbbzg"}}, {"model": "core.product", "pk": 26, "fields": {"store": 3, "category": 4, "name": "Áo Khoác Thể Thao Nam Nike Windrunner", "price": "2500000.00", "old_price": null, "is_hot": false, "image": "media/product_images/2026/03/win_yo7i69"}}, {"model": "core.product", "pk": 27, "fields": {"store": 3, "category": 4, "name": "Áo Khoác Chạy Bộ Nữ Nike Essential", "price": "2100000.00", "old_price": "150000.00", "is_hot": false, "image": "media/product_images/2026/03/essen_c1af7e"}}, {"model": "core.product", "pk": 28, "fields": {"store": 3, "category": 5, "name": "Áo Thun Thể Thao Nam Nike Dri-FIT", "price": "800000.00", "old_price": null, "is_hot": false, "image": "media/product_images/2026/03/dt_mdpaqd"}}, {"model": "core.product", "pk": 29, "fields": {"store": 3, "category": 5, "name": "Áo Thun Nữ Nike Sportswear Club", "price": "700000.00", "old_price": null, "is_hot": false, "image": "media/product_images/2026/03/spot_qlmwu8"}}, {"model": "core.product", "pk": 30, "fields": {"store": 3, "category": 5, "name": "Áo Nỉ Nam Nike Sportswear Club Fleece", "price": "1400000.00", "old_price": null, "is_hot": false, "image": "media/product_images/2026/03/FZ0813-063-1_eba982"}}, {"model": "core.product", "pk": 31, "fields": {"store": 3, "category": 6, "name": "Quần Jogger Nam Nike Sportswear", "price": "1000000.00", "old_price": "1600000.00", "is_hot": true, "image": "media/product_images/2026/03/club_yqpJgvH_rqvgnd"}}, {"model": "core.product", "pk": 32, "fields": {"store": 3, "category": 6, "name": "Quần Short Chạy Bộ Nam Nike Flex", "price": "950000.00", "old_price": null, "is_hot": false, "image": "media/product_images/2026/03/1_7xQ6CNX_dapdzg"}}, {"model": "core.product", "pk": 33, "fields": {"store": 3, "category": 6, "name": "Quần Legging Thể Thao Nữ Nike Pro", "price": "900000.00", "old_price": "1100000.00", "is_hot": true, "image": "media/product_images/2026/03/pro_fylq4d"}}, {"model": "core.product", "pk": 34, "fields": {"store": 3, "category": 7, "name": "Mũ Lưỡi Trai Thể Thao Nike Heritage86", "price": "550000.00", "old_price": null, "is_hot": false, "image": "media/product_images/2026/03/00_jyg35d"}}, {"model": "core.product", "pk": 35, "fields": {"store": 3, "category": 7, "name": "Balo Thể Thao Nike Heritage", "price": "850000.00", "old_price": null, "is_hot": false, "image": "media/product_images/2026/03/11_xvrlbt"}}, {"model": "core.product", "pk": 36, "fields": {"store": 4, "category": 4, "name": "Áo Khoác Gió Nam Adidas Adicolor Classics", "price": "2200000.00", "old_price": null, "is_hot": false, "image": "media/product_images/2026/03/Ao_Track_Jacket_SST_Classics_Adicolor_Mau_tim_IR9889_01_laydown_vvsxlk"}}, {"model": "core.product", "pk": 37, "fields": {"store": 4, "category": 4, "name": "Áo Khoác Nỉ Thể Thao Nam Adidas ZNE", "price": "2000000.00", "old_price": "2800000.00", "is_hot": true, "image": "media/product_images/2026/03/1_JhJS1cU_ad98oj"}}, {"model": "core.product", "pk": 38, "fields": {"store": 4, "category": 5, "name": "Áo Thun Nam Adidas 3-Stripes", "price": "750000.00", "old_price": null, "is_hot": false, "image": "media/product_images/2026/03/Ao_Thun_3_Soc_Essentials_trang_GL3733_01_laydown_oetrul"}}, {"model": "core.product", "pk": 39, "fields": {"store": 4, "category": 5, "name": "Áo Polo Nam Adidas Essentials", "price": "900000.00", "old_price": null, "is_hot": false, "image": "media/product_images/2026/03/Ao_POLO_NGAN_TAY_SOFT_PIQUE_Be_KB4823_21_model_fevrop"}}, {"model": "core.product", "pk": 40, "fields": {"store": 4, "category": 5, "name": "Áo Hoodie Nam Adidas Trefoil", "price": "1800000.00", "old_price": null, "is_hot": false, "image": "media/product_images/2026/03/Ao_Hoodie_Trefoil_Essentials_Be_IR7785_01_laydown_UpZUZoI_co8vdq"}}, {"model": "core.product", "pk": 41, "fields": {"store": 4, "category": 6, "name": "Quần Dài Thể Thao Nam Adidas Tiro", "price": "1450000.00", "old_price": null, "is_hot": false, "image": "media/product_images/2026/03/Quan_Det_He_3_Soc_Ngan_Tiro_DJen_IX3515_21_model_pb2usm"}}, {"model": "core.product", "pk": 42, "fields": {"store": 4, "category": 6, "name": "Quần Short Nam Adidas Aeroready", "price": "800000.00", "old_price": null, "is_hot": false, "image": "media/product_images/2026/03/ready_vwcqrw"}}, {"model": "core.product", "pk": 43, "fields": {"store": 4, "category": 6, "name": "Quần Bó Thể Thao Nữ Adidas Optime", "price": "1000000.00", "old_price": "1200000.00", "is_hot": true, "image": "media/product_images/2026/03/Quan_Leggings_Ngan_3_Soc_Optime_Workout_nau_JZ1099_21_model_Kcf02QK_uxo1lf"}}, {"model": "core.product", "pk": 44, "fields": {"store": 4, "category": 7, "name": "Tất Cổ Ngắn Adidas (Set 3 Đôi)", "price": "350000.00", "old_price": null, "is_hot": false, "image": "media/product_images/2026/03/Bo_3_DJoi_Tat_Co_Ngan_Mong_Nhe_trang_HT3468_03_standard_l6wnt2"}}, {"model": "core.product", "pk": 45, "fields": {"store": 4, "category": 7, "name": "Túi Đeo Chéo Adidas Essential", "price": "500000.00", "old_price": null, "is_hot": false, "image": "media/product_images/2026/03/Tui_DJeo_Cheo_Essentials_mau_xanh_la_IW9803_01_standard_pzldke"}}, {"model": "core.product", "pk": 46, "fields": {"store": 5, "category": 4, "name": "Áo Khoác Nam PUMA T7 Track", "price": "1900000.00", "old_price": null, "is_hot": false, "image": "media/product_images/2026/03/Áo-khoác-thể-thao-nam-Iconic-T7-Track_kp8hhs"}}, {"model": "core.product", "pk": 47, "fields": {"store": 5, "category": 4, "name": "Áo Khoác Chống Nước PUMA Run", "price": "1500000.00", "old_price": "2300000.00", "is_hot": true, "image": "media/product_images/2026/03/Áo-khoác-chạy-bộ-họa-tiết-Lightspeed-ULTRAWEAVE-cho-nam_wyoghw"}}, {"model": "core.product", "pk": 48, "fields": {"store": 5, "category": 5, "name": "Áo Thun Nam PUMA Classics Logo", "price": "650000.00", "old_price": null, "is_hot": false, "image": "media/product_images/2026/03/Áo-thun-nam-Classics-Logo_ixa5vm"}}, {"model": "core.product", "pk": 49, "fields": {"store": 5, "category": 5, "name": "Áo Thun Nữ PUMA ESS+ Embroidery", "price": "600000.00", "old_price": null, "is_hot": false, "image": "media/product_images/2026/03/Áo-thun-nữ-ESS-METALLIC_fucp6l"}}, {"model": "core.product", "pk": 50, "fields": {"store": 5, "category": 5, "name": "Áo Hoodie Nam PUMA Power", "price": "1500000.00", "old_price": null, "is_hot": false, "image": "media/product_images/2026/03/Áo-Hoodie-Đồ-Họa-McLAREN-RACING-Nam_pnkies"}}, {"model": "core.product", "pk": 51, "fields": {"store": 5, "category": 6, "name": "Quần Thể Thao Nam PUMA Iconic T7", "price": "1700000.00", "old_price": null, "is_hot": false, "image": "media/product_images/2026/03/Quần-thể-thao-nam-ICONIC-T7_zh77wo"}}, {"model": "core.product", "pk": 52, "fields": {"store": 5, "category": 6, "name": "Quần Short Chạy Bộ Nam PUMA", "price": "750000.00", "old_price": null, "is_hot": false, "image": "media/product_images/2026/03/Quần-short-chạy-bộ-nam-PUMA-x-SAYSKY_tza9zs"}}, {"model": "core.product", "pk": 53, "fields": {"store": 5, "category": 6, "name": "Quần Legging Nữ PUMA Fit", "price": "1000000.00", "old_price": null, "is_hot": false, "image": "media/product_images/2026/03/8-cho-nữ_lfs5wd"}}, {"model": "core.product", "pk": 54, "fields": {"store": 5, "category": 7, "name": "Mũ Thể Thao PUMA Metal Cat", "price": "300000.00", "old_price": "450000.00", "is_hot": false, "image": "media/product_images/2026/03/Mũ-bóng-chày-ESS-Metal-PUMA-Cat_fjdkwc"}}, {"model": "core.product", "pk": 55, "fields": {"store": 5, "category": 7, "name": "Balo PUMA Phase Backpack", "price": "600000.00", "old_price": null, "is_hot": false, "image": "media/product_images/2026/03/PUMA-PHASE-Backpack-Set_vxzvh6"}}, {"model": "core.product", "pk": 56, "fields": {"store": 6, "category": 4, "name": "Áo Khoác Gió Nam Coolmate Daily", "price": "399000.00", "old_price": null, "is_hot": false, "image": "media/product_images/2026/03/ao-khoac-windbreaker-nylon-ribstop-thumb-1_z9eyjj"}}, {"model": "core.product", "pk": 57, "fields": {"store": 6, "category": 4, "name": "Áo Khoác Chống Tia UV Coolmate", "price": "459000.00", "old_price": null, "is_hot": false, "image": "media/product_images/2026/03/ao-khoac-nam-co-mu-daily-wear-truot-nuoc-chong-uv-99-trang-1_myurnt"}}, {"model": "core.product", "pk": 58, "fields": {"store": 6, "category": 5, "name": "Áo Thun Nam Cotton Compact Coolmate", "price": "199000.00", "old_price": null, "is_hot": false, "image": "media/product_images/2026/03/ao-thun-nam-cotton-compact-chong-nhan-den-1_xptmlm"}}, {"model": "core.product", "pk": 59, "fields": {"store": 6, "category": 5, "name": "Áo Polo Nam Coolmate Vải Cafe", "price": "299000.00", "old_price": null, "is_hot": false, "image": "media/product_images/2026/03/ao-polo-nam-cafe-den-1_84_byjm2x"}}, {"model": "core.product", "pk": 60, "fields": {"store": 6, "category": 5, "name": "Áo Dài Tay Nam Thu Đông Coolmate", "price": "200000.00", "old_price": "259000.00", "is_hot": true, "image": "media/product_images/2026/03/ao-dai-tay-tt-nam-logo-active-slim-2-_1-xanh-navy_qnaunk"}}, {"model": "core.product", "pk": 61, "fields": {"store": 6, "category": 6, "name": "Quần Short Thể Thao Nam Coolmate", "price": "199000.00", "old_price": null, "is_hot": false, "image": "media/product_images/2026/03/quan-shorts-nam-chay-bo-ultra-fast-free-run-ii-exdry-nhanh-kho-den-1_zuzrcj"}}, {"model": "core.product", "pk": 62, "fields": {"store": 6, "category": 6, "name": "Quần Dài Nam Kaki Excool Coolmate", "price": "499000.00", "old_price": null, "is_hot": false, "image": "media/product_images/2026/03/quan-dai-nam-kaki-excool-xam-den_5_hdfzye"}}, {"model": "core.product", "pk": 63, "fields": {"store": 6, "category": 6, "name": "Quần Lót Nam Trunk Coolmate (Set 3)", "price": "259000.00", "old_price": null, "is_hot": false, "image": "media/product_images/2026/03/03-quan-lot-nam-trunk-cotton-compact-co-gian-v1-mix-mau-1_iqg7wp"}}, {"model": "core.product", "pk": 64, "fields": {"store": 6, "category": 7, "name": "Thắt Lưng Nam Khóa Tự Động Coolmate", "price": "299000.00", "old_price": null, "is_hot": false, "image": "media/product_images/2026/03/that-lung-nam-coolmate-da-bo-mill-khoa-gai-tu-dong-den-1_38_ejFfJgh_m0bqwx"}}, {"model": "core.product", "pk": 65, "fields": {"store": 6, "category": 7, "name": "Tất Cổ Trung Nam Coolmate (Set 5 Đôi)", "price": "150000.00", "old_price": null, "is_hot": false, "image": "media/product_images/2026/03/combo-5-doi-tat-nam-co-trung-basics-1-_1-xam_uryydo"}}, {"model": "core.product", "pk": 66, "fields": {"store": 7, "category": 4, "name": "Áo Khoác Thể Thao Biti's Hunter", "price": "650000.00", "old_price": null, "is_hot": false, "image": "media/product_images/2026/03/ao_gio_cam-1_f2ffb579a1584ac7ad8cb8a5c39f441a_master_i2ovv4"}}, {"model": "core.product", "pk": 68, "fields": {"store": 7, "category": 5, "name": "Áo Thun Nam Biti's Hunter Basic", "price": "250000.00", "old_price": null, "is_hot": false, "image": "media/product_images/2026/03/ao_den_stepforwards-1_62630b2f43934a26bb9449d21a151f82_master_rjo24g"}}, {"model": "core.product", "pk": 69, "fields": {"store": 7, "category": 5, "name": "Áo Thun Nữ Biti's Hunter", "price": "250000.00", "old_price": null, "is_hot": false, "image": "media/product_images/2026/03/ao_trang_stepforwards-2_95a7566fd17442fc9bb0245c2c1035fc_master_oxfzxx"}}, {"model": "core.product", "pk": 70, "fields": {"store": 7, "category": 6, "name": "Quần Short Thể Thao Nam Biti's Hunter", "price": "290000.00", "old_price": null, "is_hot": false, "image": "media/product_images/2026/03/quan_short_du_nhan_den-1_d39d385236e64c1d8143b6e302f26914_master_ehvw7a"}}, {"model": "core.product", "pk": 71, "fields": {"store": 7, "category": 7, "name": "Giày Thể Thao Nam Biti's Hunter X", "price": "1000000.00", "old_price": "1199000.00", "is_hot": true, "image": "media/product_images/2026/03/hsm013900nau__2__32d69984aae34556ba81248a47d41cc5_master_brtld2"}}, {"model": "core.product", "pk": 72, "fields": {"store": 7, "category": 7, "name": "Giày Thể Thao Nữ Biti's Hunter Core", "price": "899000.00", "old_price": null, "is_hot": false, "image": "media/product_images/2026/03/hsw015500hol__8__d04c8fc23c7f4a96b7ff8749b3d82c04_master_kaewch"}}, {"model": "core.product", "pk": 73, "fields": {"store": 7, "category": 7, "name": "Dép Quai Ngang Nam Biti's", "price": "150000.00", "old_price": null, "is_hot": false, "image": "media/product_images/2026/03/bem003901reu__1__d67c42ce528a4f11831387a02eed143f_1024x1024_c4eap8"}}, {"model": "core.product", "pk": 74, "fields": {"store": 7, "category": 7, "name": "Balo Thể Thao Biti's Hunter X", "price": "450000.00", "old_price": null, "is_hot": false, "image": "media/product_images/2026/03/hbbm01598den__2__ae161b2849e746de8ed9b5be58d4428d_yl6tjh"}}, {"model": "core.product", "pk": 75, "fields": {"store": 7, "category": 7, "name": "Nón Lưỡi Trai Biti's Hunter", "price": "120000.00", "old_price": null, "is_hot": false, "image": "media/product_images/2026/03/non_trang_855947534bdb4ee4bf12e5c64243ae79_master_w2ss0q"}}, {"model": "core.product", "pk": 76, "fields": {"store": 8, "category": 4, "name": "Áo Khoác Bomber Nam Gucci GG", "price": "65000000.00", "old_price": null, "is_hot": false, "image": "media/product_images/2026/03/ao-khoac-nam-gucci-jumbo-gg-canvas-17439318-mau-be-nau-size-44-6938ed620_NCWF6QC_mqjg5q"}}, {"model": "core.product", "pk": 77, "fields": {"store": 8, "category": 4, "name": "Áo Khoác Gió Nữ Gucci Interlocking G", "price": "45000000.00", "old_price": null, "is_hot": false, "image": "media/product_images/2026/03/800-800_a7213d49-cdd0-44c0-9d90-497819e8db7e_rmnjcj"}}, {"model": "core.product", "pk": 78, "fields": {"store": 8, "category": 5, "name": "Áo Thun Nam Gucci In Logo Vintage", "price": "12000000.00", "old_price": null, "is_hot": false, "image": "media/product_images/2026/03/shopping_it5bqp"}}, {"model": "core.product", "pk": 79, "fields": {"store": 8, "category": 5, "name": "Áo Polo Nam Gucci Viền Web", "price": "15000000.00", "old_price": null, "is_hot": false, "image": "media/product_images/2026/03/1_kwknnk"}}, {"model": "core.product", "pk": 80, "fields": {"store": 8, "category": 5, "name": "Áo Len Cardigan Nữ Gucci", "price": "35000000.00", "old_price": null, "is_hot": false, "image": "media/product_images/2026/03/2_boowoh"}}, {"model": "core.product", "pk": 81, "fields": {"store": 8, "category": 6, "name": "Quần Tây Nam Gucci Wool", "price": "25000000.00", "old_price": null, "is_hot": false, "image": "media/product_images/2026/03/shopping_1_ehmwid"}}, {"model": "core.product", "pk": 82, "fields": {"store": 8, "category": 6, "name": "Quần Short Nam Gucci GG Canvas", "price": "18000000.00", "old_price": null, "is_hot": false, "image": "media/product_images/2026/03/3_rx2rqz"}}, {"model": "core.product", "pk": 83, "fields": {"store": 8, "category": 6, "name": "Quần Jeans Nữ Gucci Thêu Logo", "price": "15000000.00", "old_price": "22000000.00", "is_hot": true, "image": "media/product_images/2026/03/shopping_2_zscijy"}}, {"model": "core.product", "pk": 84, "fields": {"store": 8, "category": 7, "name": "Thắt Lưng Da Nam Gucci Mặt Chữ G Móc Khóa", "price": "13000000.00", "old_price": null, "is_hot": false, "image": "media/product_images/2026/03/4_peklvt"}}, {"model": "core.product", "pk": 85, "fields": {"store": 8, "category": 7, "name": "Kính Mát Unisex Gucci Aviator", "price": "10000000.00", "old_price": null, "is_hot": false, "image": "media/product_images/2026/03/7_wxwdvp"}}, {"model": "core.order", "pk": 1, "fields": {"order_code": "#ORD777159", "customer_name": "fc Phan Phước Quốc Thiện", "customer_email": "thienphan370@gmail.com", "customer_phone": "0392006710", "shipping_address": "450/6, F, Tỉnh Bình Thuận", "total_amount": "800007.99", "status": "Đã xác nhận", "created_at": "2026-03-18T09:14:28.303Z"}}, {"model": "core.order", "pk": 2, "fields": {"order_code": "#ORD208478", "customer_name": "Thiện Phan Phước Quốc Thiện", "customer_email": "thienphan370@gmail.com", "customer_phone": "0392006710", "shipping_address": "450/6, F, Tỉnh Bình Thuận", "total_amount": "20000007.99", "status": "Đã xác nhận", "created_at": "2026-03-18T09:42:45.758Z"}}, {"model": "core.orderitem", "pk": 1, "fields": {"order": 1, "product_name": "Áo Cardigan chống tia cực tím cổ tròn | Kẻ sọc", "price": "800000.00", "quantity": 1}}, {"model": "core.orderitem", "pk": 2, "fields": {"order": 2, "product_name": "Áo ngực georgette ca rô", "price": "20000000.00", "quantity": 1}}]